label,pcap,window,n_packets,pkt_rate,up_down_ratio,up_mean,up_max,up_min,up_var,up_std,up_median,up_mad,up_skew,up_kurt,down_mean,down_max,down_min,down_var,down_std,down_median,down_mad,down_skew,down_kurt,iat_mean,iat_max,iat_min,iat_var,iat_std,iat_median,iat_mad,iat_skew,iat_kurt,hist_0,hist_1,hist_2,hist_3,hist_4,hist_5,hist_6,hist_7,hist_8,hist_9,hist_10,hist_11,hist_12,hist_13,hist_14,hist_15,hist_16,hist_17,hist_18,hist_19,first_size_0,first_size_1,first_size_2,first_size_3,first_size_4,last_size_0,last_size_1,last_size_2,last_size_3,last_size_4,first_iat_0,first_iat_1,first_iat_2,first_iat_3,first_iat_4,last_iat_0,last_iat_1,last_iat_2,last_iat_3,last_iat_4
0,session1_cnn_20260329_155757.pcap,0,1362,54.17972,0.72405064,21773.564,65226.0,66.0,818805200.0,28614.771,80.5,14.5,0.73293525,-1.3454266,31179.059,65226.0,66.0,745519940.0,27304.21,28434.0,28368.0,0.11362839,-1.7065564,0.01847065,10.686858,0.0,0.16007522,0.400094,6.699562e-05,3.8146973e-05,25.632519,662.06366,0.40088105,0.022760646,0.046255507,0.020558003,0.032305434,0.01688693,0.017621145,0.010279002,0.014684288,0.008076359,0.0066079297,0.014684288,0.01174743,0.016152717,0.022760646,0.026431719,0.011013215,0.012481645,0.007342144,0.2804699,74.0,74.0,66.0,118.0,66.0,66.0,109.0,66.0,83.0,66.0,9.9897385e-05,7.605553e-05,0.0014710426,0.00010585785,0.0015161037,0.00065779686,0.0005970001,5.221367e-05,0.00014901161,0.040472984
0,session1_cnn_20260329_155757.pcap,1,1278,49.601818,0.7108434,28124.629,65226.0,66.0,871457800.0,29520.465,13098.0,13032.0,0.3131608,-1.7687752,31180.617,65226.0,66.0,768017100.0,27713.121,27578.0,27512.0,0.12214327,-1.7302847,0.02017634,10.540367,0.0,0.17286901,0.41577518,5.9127808e-05,3.0040741e-05,24.74884,617.32654,0.35054773,0.019561816,0.05477308,0.019561816,0.033646323,0.012519562,0.02973396,0.0086071985,0.019561816,0.0093896715,0.0086071985,0.015649453,0.003912363,0.02112676,0.012519562,0.020344287,0.006259781,0.028951487,0.010954617,0.31377152,7306.0,66.0,109.0,7306.0,66.0,66.0,83.0,66.0,66.0,66.0,0.00010085106,0.0003130436,0.008949041,5.197525e-05,0.00086402893,0.00028204918,0.025203943,0.00018787384,0.0010290146,9.202957e-05
0,session2_cnn_20260329_160100.pcap,0,1303,47.51096,0.7077326,23059.973,65226.0,66.0,816481000.0,28574.133,109.0,43.0,0.6184638,-1.4684749,30570.102,65226.0,66.0,798447550.0,28256.814,23234.0,23168.0,0.16259368,-1.7368058,0.021063942,10.204664,0.0,0.15201393,0.38988963,6.2942505e-05,3.4093857e-05,23.869328,589.49164,0.4251727,0.009209516,0.037605524,0.015349194,0.02686109,0.013814275,0.017651573,0.016884113,0.02609363,0.0038372986,0.005372218,0.017651573,0.0069071376,0.013046815,0.023791252,0.009209516,0.017651573,0.011511896,0.0038372986,0.2985418,74.0,74.0,66.0,118.0,66.0,66.0,10202.0,65226.0,34504.0,66.0,0.00011610985,7.891655e-05,0.001899004,0.000120162964,0.0008997917,0.0028848648,0.00012516975,4.7922134e-05,2.7894974e-05,0.0047051907
0,session2_cnn_20260329_160100.pcap,1,1161,43.473564,0.6729107,30615.787,65226.0,66.0,886152060.0,29768.307,17442.0,17376.0,0.16283509,-1.8523088,35261.53,65226.0,66.0,864784960.0,29407.227,43506.0,21720.0,-0.127474,-1.8395241,0.023022315,10.106424,0.0,0.17194347,0.41466066,8.893013e-05,5.00679e-05,23.011395,541.0238,0.32644272,0.013781223,0.062015504,0.015503876,0.03186908,0.006029285,0.031007752,0.0017226529,0.01205857,0.0034453059,0.004306632,0.006029285,0.0017226529,0.02411714,0.00086132647,0.01464255,0.007751938,0.032730404,0.0025839794,0.40137812,7306.0,66.0,109.0,7306.0,66.0,83.0,98.0,66.0,66.0,66.0,0.000121831894,0.0003170967,0.00020503998,5.6028366e-05,0.0011148453,0.00032520294,0.0011558533,0.00017404556,0.003839016,7.70092e-05
0,session3_cnn_20260329_160337.pcap,0,1200,48.674652,0.7291066,24604.887,65226.0,66.0,834060860.0,28880.111,7151.5,7085.5,0.5341333,-1.5765098,33680.98,65226.0,66.0,778691200.0,27905.04,29026.0,28960.0,-0.023312414,-1.7373846,0.02056171,10.092679,9.536743e-07,0.1687744,0.41082162,5.6028366e-05,2.9087067e-05,23.922323,577.3919,0.36833334,0.011666667,0.054166667,0.009166666,0.024166666,0.021666666,0.024166666,0.0175,0.025,0.004166667,0.006666667,0.015833333,0.0058333334,0.018333333,0.018333333,0.018333333,0.0025,0.025,0.004166667,0.325,74.0,74.0,66.0,118.0,66.0,66.0,109.0,66.0,83.0,66.0,0.000114917755,8.4877014e-05,0.001486063,0.005810976,0.0011031628,0.00020194054,0.0072820187,6.604195e-05,0.0001950264,0.041993856
0,session3_cnn_20260329_160337.pcap,1,1111,43.220825,0.6858877,33028.562,65226.0,66.0,850783400.0,29168.191,26854.0,26788.0,0.02106115,-1.8443449,34685.305,65226.0,66.0,886093400.0,29767.32,43506.0,21720.0,-0.09192864,-1.8696985,0.023157839,10.358353,7.867813e-06,0.19050376,0.43646735,7.891655e-05,4.5776367e-05,23.028767,534.9047,0.31233123,0.0144014405,0.063006304,0.02070207,0.0270027,0.00810081,0.03240324,0.00810081,0.0072007203,0.0018001801,0.0018001801,0.0072007203,0.0018001801,0.02430243,0.00450045,0.01620162,0.00450045,0.03060306,0.00450045,0.40954095,7306.0,66.0,109.0,7306.0,66.0,83.0,98.0,66.0,66.0,66.0,0.000114917755,0.0003271103,0.00015497208,5.507469e-05,0.0049779415,0.0007221699,0.0007288456,0.00020194054,0.0018510818,0.0001809597
0,session4_cnn_20260329_160614.pcap,0,1352,55.645267,0.7627119,21291.08,65226.0,66.0,799515650.0,28275.707,75.0,9.0,0.761196,-1.28417,31945.209,65226.0,66.0,756252350.0,27500.043,29026.0,28960.0,0.08821491,-1.7072008,0.017984282,10.203767,0.0,0.15467921,0.39329278,5.698204e-05,3.194809e-05,25.545862,656.3727,0.40828404,0.01183432,0.049556214,0.01183432,0.028846154,0.019970413,0.020710059,0.014053254,0.01923077,0.01183432,0.00887574,0.015532545,0.00739645,0.018491125,0.018491125,0.01775148,0.00591716,0.018491125,0.00295858,0.28994083,74.0,74.0,66.0,148.0,66.0,65226.0,65226.0,53328.0,66.0,66.0,0.00012993813,8.702278e-05,0.0031719208,8.106232e-05,0.0014870167,3.7908554e-05,3.504753e-05,6.41346e-05,0.0024898052,0.038764
0,session4_cnn_20260329_160614.pcap,1,1248,51.582752,0.69335145,29223.031,65226.0,66.0,843415600.0,29041.62,17442.0,17376.0,0.24185044,-1.7639889,33316.13,65226.0,66.0,843421100.0,29041.713,30474.0,30408.0,-0.010813056,-1.821625,0.01940187,9.867281,9.536743e-07,0.15300265,0.39115554,6.9856644e-05,3.385544e-05,24.374077,600.0513,0.35016027,0.010416667,0.052884616,0.014423077,0.024839744,0.012820513,0.028846154,0.011217949,0.018429488,0.0048076925,0.0064102565,0.017628206,0.0040064105,0.025641026,0.008814103,0.008012821,0.0072115385,0.025641026,0.0056089745,0.3621795,7306.0,66.0,118.0,7306.0,66.0,66.0,66.0,66.0,66.0,66.0,0.00013399124,0.00032901764,0.00013303757,5.507469e-05,0.0011270046,0.00011610985,0.0012059212,7.414818e-05,0.0046408176,8.606911e-05
0,session5_cnn_20260329_160846.pcap,0,1332,56.311527,0.7411765,21964.91,65226.0,66.0,773312700.0,27808.5,109.0,43.0,0.70772606,-1.3199835,31211.531,65226.0,66.0,819837200.0,28632.799,26130.0,26064.0,0.10976858,-1.7870766,0.017771695,9.85694,0.0,0.14348763,0.37879762,5.7935715e-05,3.027916e-05,25.358063,647.02277,0.41966966,0.015765766,0.045045044,0.018018018,0.03003003,0.011261261,0.013513514,0.015015015,0.015765766,0.009009009,0.006756757,0.012012012,0.008258258,0.016516516,0.013513514,0.022522522,0.012012012,0.018768769,0.006006006,0.29054055,74.0,74.0,66.0,148.0,66.0,65226.0,17442.0,66.0,38848.0,66.0,0.00015902519,9.012222e-05,0.0010988712,0.000120162964,0.0004348755,3.886223e-05,1.3113022e-05,0.0007648468,0.00011110306,0.0015161037
0,session5_cnn_20260329_160846.pcap,1,1169,49.798206,0.69666183,31105.84,65226.0,66.0,834515400.0,28887.98,21786.0,21720.0,0.12982875,-1.7982846,35121.695,65226.0,66.0,860575400.0,29335.566,42058.0,23168.0,-0.11152957,-1.841331,0.020098237,9.759622,0.0,0.15160364,0.3893631,6.41346e-05,3.1232834e-05,23.509449,560.9865,0.31223267,0.014542344,0.060735673,0.023952097,0.023096664,0.005988024,0.031650983,0.013686912,0.01283148,0.005132592,0.006843456,0.010265184,0.006843456,0.017964073,0.006843456,0.014542344,0.006843456,0.029940119,0.00427716,0.39178786,7306.0,66.0,109.0,7306.0,66.0,66.0,66.0,66.0,66.0,66.0,0.00012087822,0.0003361702,0.0033869743,5.9843063e-05,0.0010020733,0.0001449585,0.00096297264,7.915497e-05,0.00026392937,4.005432e-05
0,session6_cnn_20260329_161118.pcap,0,1234,49.246094,0.718663,24129.473,65226.0,66.0,741331260.0,27227.398,8754.0,8688.0,0.58855796,-1.3984219,34178.426,65226.0,66.0,829457150.0,28800.297,36266.0,28960.0,-0.06826019,-1.7885619,0.020322649,10.682238,9.536743e-07,0.17444566,0.4176669,5.197525e-05,2.503395e-05,24.356321,598.64484,0.36466774,0.017017828,0.04294976,0.012965964,0.03160454,0.009724474,0.025931928,0.016207455,0.028363047,0.010534846,0.008914101,0.021880064,0.006482982,0.016207455,0.009724474,0.018638574,0.0072933547,0.017017828,0.004862237,0.32901135,74.0,74.0,66.0,148.0,66.0,65226.0,35952.0,1200.0,78.0,66.0,0.000120162964,8.583069e-05,0.0011529922,0.0001320839,0.0029580593,4.6014786e-05,6.7949295e-05,0.0031459332,6.7949295e-05,0.0020980835
0,session6_cnn_20260329_161118.pcap,1,1171,49.631893,0.71198833,30659.617,65226.0,66.0,822364400.0,28676.896,21786.0,21720.0,0.15836017,-1.7880847,34651.91,65226.0,66.0,842765800.0,29030.43,36833.0,28393.0,-0.087100804,-1.815887,0.020165555,9.272806,0.0,0.14754798,0.38411975,7.200241e-05,3.6001205e-05,23.48324,558.16943,0.31340733,0.016225448,0.06063194,0.015371477,0.030742954,0.011955594,0.022203244,0.014517507,0.012809564,0.011955594,0.0102476515,0.015371477,0.0068317675,0.015371477,0.008539709,0.017079419,0.0068317675,0.029035013,0.008539709,0.37233135,7306.0,66.0,7306.0,66.0,109.0,83.0,98.0,66.0,66.0,66.0,0.00012302399,8.606911e-05,4.005432e-05,0.0001718998,0.0007121563,0.0013580322,0.0002310276,0.00024795532,0.001636982,8.8214874e-05
0,session7_cnn_20260329_161344.pcap,0,1267,55.25998,0.74277854,23060.447,65226.0,66.0,780297000.0,27933.797,2962.0,2896.0,0.62436634,-1.4195342,30265.625,65226.0,66.0,778501900.0,27901.646,21786.0,21720.0,0.16257472,-1.7246591,0.018110573,9.904894,0.0,0.1546941,0.3933117,4.696846e-05,2.503395e-05,24.813818,617.95276,0.4104183,0.014996054,0.041041832,0.022888713,0.030781373,0.007103394,0.02525651,0.011838989,0.018942384,0.00394633,0.004735596,0.014206788,0.026835043,0.014206788,0.022099448,0.03157064,0.004735596,0.0134175215,0.0063141277,0.27466455,74.0,74.0,66.0,118.0,66.0,29026.0,65226.0,65226.0,44640.0,66.0,0.00012803078,8.678436e-05,0.0014781952,0.0018019676,0.003984928,0.00023698807,4.005432e-05,3.9100647e-05,8.2969666e-05,0.00078701973
0,session7_cnn_20260329_161344.pcap,1,1233,51.969334,0.7030387,29337.467,65226.0,54.0,841018900.0,29000.326,17442.0,17376.0,0.24066448,-1.7656417,33900.72,65226.0,66.0,860905600.0,29341.193,37714.0,27512.0,-0.048106745,-1.8516262,0.019257735,9.209399,0.0,0.13638471,0.36930302,6.604195e-05,3.4093857e-05,23.961185,583.208,0.34063262,0.0081103,0.06326034,0.01784266,0.03163017,0.00729927,0.03325223,0.00405515,0.01540957,0.00324412,0.00405515,0.00892133,0.00243309,0.02595296,0.00567721,0.01297648,0.0081103,0.03730738,0.00405515,0.36577454,7306.0,66.0,109.0,7306.0,66.0,54.0,83.0,66.0,98.0,54.0,0.00029706955,0.00018596649,0.0067870617,0.00014996529,0.0010569096,8.9883804e-05,0.0015819073,0.00018000603,6.318092e-05,9.894371e-05
0,session8_cnn_20260329_161610.pcap,0,1251,52.41688,0.7184066,23807.379,65226.0,66.0,846343740.0,29091.986,295.0,229.0,0.5850941,-1.5411094,32137.555,65226.0,66.0,801416200.0,28309.295,30474.0,30408.0,0.050734393,-1.7687253,0.019093085,10.073179,9.536743e-07,0.1566886,0.39583912,6.41346e-05,3.4213066e-05,24.554213,607.0632,0.39968026,0.019984012,0.044764187,0.01438849,0.027977617,0.006394884,0.024780177,0.007993605,0.012789768,0.007993605,0.009592326,0.01598721,0.0055955234,0.019184653,0.004796163,0.038369305,0.0039968025,0.016786572,0.0039968025,0.31494805,74.0,74.0,66.0,118.0,66.0,65226.0,65226.0,65226.0,50432.0,66.0,0.0001180172,8.4877014e-05,0.0014050007,5.507469e-05,0.001965046,4.005432e-05,4.2915344e-05,7.915497e-05,3.385544e-05,0.001957178
0,session8_cnn_20260329_161610.pcap,1,1118,44.704193,0.70687026,31980.523,65226.0,66.0,906433150.0,30107.03,21786.0,21720.0,0.0733038,-1.8881465,35758.23,65226.0,66.0,837473300.0,28939.13,43506.0,21720.0,-0.15201293,-1.795681,0.022389293,10.165116,1.9073486e-06,0.18353118,0.42840537,7.200241e-05,3.695488e-05,23.08161,537.52747,0.3193202,0.008944544,0.056350626,0.011627907,0.033094812,0.0026833632,0.03667263,0.0062611806,0.010733453,0.0062611806,0.0053667263,0.010733453,0.0026833632,0.02415027,0.0017889087,0.013416816,0.0026833632,0.0313059,0.0026833632,0.41323793,7306.0,66.0,109.0,7306.0,66.0,66.0,66.0,66.0,66.0,66.0,0.00014209747,0.00031208992,0.00015282631,4.8160553e-05,0.00084996223,2.5987625e-05,0.00010609627,4.7922134e-05,0.00030994415,7.104874e-05
1,session1_rnn_20260329_155757.pcap,0,81,544.5079,1.025,3005.9023,23234.0,66.0,38414056.0,6197.907,74.0,8.0,2.1545553,3.3843527,6060.1,41519.0,66.0,98053240.0,9902.184,156.5,90.5,2.3003058,5.1616073,0.0018594771,0.04156208,9.536743e-07,5.288352e-05,0.0072721057,3.6001205e-05,2.5510788e-05,4.4878154,19.35619,0.67901236,0.074074075,0.086419754,0.012345679,0.049382716,0.037037037,0.024691358,0.012345679,0.0,0.0,0.0,0.0,0.024691358,0.0,0.0,0.0,0.0,0.0,0.0,0.0,74.0,74.0,66.0,148.0,66.0,66.0,66.0,109.0,83.0,66.0,3.4093857e-05,2.193451e-05,0.0005221367,1.8835068e-05,0.00031113625,0.00019407272,0.039453983,0.022264004,0.00030589104,0.04156208
1,session1_rnn_20260329_155757.pcap,1,130,22.855677,1.03125,3697.394,37714.0,66.0,56135036.0,7492.332,66.0,0.0,2.536743,6.707113,7546.75,40610.0,66.0,79022440.0,8889.457,7306.0,7240.0,1.3584536,1.7961676,0.044091977,4.989847,5.00679e-06,0.19246696,0.43871057,5.4121017e-05,2.7179718e-05,11.110039,122.210815,0.6,0.015384615,0.16923077,0.03076923,0.07692308,0.03076923,0.03076923,0.0076923077,0.023076924,0.0,0.0,0.0076923077,0.0076923077,0.0,0.0,0.0,0.0,0.0,0.0,0.0,7306.0,66.0,7306.0,66.0,14546.0,109.0,66.0,83.0,66.0,66.0,0.000109910965,6.0081482e-05,2.8133392e-05,9.083748e-05,2.2172928e-05,0.00038599968,7.9870224e-05,0.0013301373,0.036807775,0.003868103
1,session1_rnn_20260329_155757.pcap,2,249,13.818575,1.092437,3753.2615,29026.0,66.0,54866860.0,7407.217,66.0,0.0,2.054254,3.2335095,8112.521,40088.0,66.0,91753940.0,9578.828,7306.0,7240.0,1.2199103,0.87278163,0.07265816,13.874109,2.1457672e-06,0.7941009,0.89112335,4.2438507e-05,2.2411346e-05,15.029219,229.0999,0.5943775,0.032128513,0.14056225,0.02811245,0.060240965,0.04016064,0.052208837,0.004016064,0.04016064,0.0,0.0,0.0,0.008032128,0.0,0.0,0.0,0.0,0.0,0.0,0.0,7306.0,66.0,7306.0,66.0,10202.0,18351.0,66.0,83.0,66.0,66.0,0.00013899803,8.201599e-05,3.194809e-05,0.000102996826,2.5987625e-05,4.7922134e-05,3.6001205e-05,0.00011014938,0.038230896,0.0029780865
1,session1_rnn_20260329_155757.pcap,3,229,12.932133,1.0818182,4094.168,29026.0,66.0,53606890.0,7321.6724,66.0,0.0,1.8682104,2.5624664,6596.691,39162.0,66.0,78739080.0,8873.504,112.0,46.0,1.3951895,1.3258291,0.07766592,13.637574,9.536743e-07,0.8342599,0.9133783,6.2942505e-05,3.7908554e-05,14.398533,210.14424,0.6200873,0.026200874,0.139738,0.026200874,0.06550218,0.04366812,0.03930131,0.0,0.030567685,0.0043668123,0.0,0.0043668123,0.0,0.0,0.0,0.0,0.0,0.0,0.0,0.0,7306.0,66.0,7306.0,66.0,14546.0,66.0,66.0,66.0,66.0,66.0,0.0001001358,6.389618e-05,2.7894974e-05,8.511543e-05,2.5987625e-05,0.00014090538,0.0003900528,0.00011587143,0.00080513954,6.890297e-05
1,session2_rnn_20260329_160100.pcap,0,79,547.84265,1.0256411,3079.4,29026.0,66.0,47201456.0,6870.3315,74.5,8.5,2.4333932,4.9721284,6213.795,40610.0,66.0,89188024.0,9443.941,195.0,129.0,1.8426281,3.0714514,0.0018487435,0.071167946,1.9073486e-06,7.676318e-05,0.00876146,3.6001205e-05,2.5987625e-05,6.6641245,47.898468,0.721519,0.025316456,0.07594936,0.0,0.07594936,0.025316456,0.012658228,0.025316456,0.025316456,0.0,0.0,0.0,0.012658228,0.0,0.0,0.0,0.0,0.0,0.0,0.0,74.0,74.0,66.0,148.0,66.0,66.0,109.0,83.0,66.0,66.0,4.2915344e-05,2.7894974e-05,0.00038409233,2.7894974e-05,0.00013113022,0.00021791458,0.018275023,0.00022506714,0.021353006,0.01898408
1,session2_rnn_20260329_160100.pcap,1,132,16.749645,1.0625,3590.5881,29026.0,66.0,47477270.0,6890.375,66.0,0.0,2.1624105,4.186532,7546.75,34818.0,66.0,74534904.0,8633.36,7306.0,7240.0,1.0736796,0.55503595,0.060158502,4.968486,1.1920929e-06,0.2374248,0.48726258,6.0081482e-05,3.4093857e-05,8.911942,81.44246,0.6060606,0.015151516,0.14393939,0.045454547,0.083333336,0.03787879,0.022727273,0.007575758,0.030303031,0.0,0.007575758,0.0,0.0,0.0,0.0,0.0,0.0,0.0,0.0,0.0,7306.0,66.0,7306.0,66.0,109.0,109.0,66.0,83.0,66.0,66.0,0.00012302399,5.698204e-05,3.0994415e-05,0.0003578663,0.004241228,0.0040369034,7.7962875e-05,0.00019407272,0.03730297,0.0040090084
1,session2_rnn_20260329_160100.pcap,2,255,14.314394,1.0564516,3725.1145,29026.0,66.0,53878796.0,7340.218,66.0,0.0,2.0873258,3.4156857,7788.0645,39162.0,66.0,81907760.0,9050.29,7306.0,7240.0,1.0718548,0.39720923,0.07013479,13.373594,1.9073486e-06,0.7245719,0.85121787,4.839897e-05,2.7418137e-05,15.0940075,232.02434,0.6,0.023529412,0.14509805,0.019607844,0.07450981,0.047058824,0.043137256,0.003921569,0.039215688,0.0,0.0,0.003921569,0.0,0.0,0.0,0.0,0.0,0.0,0.0,0.0,7306.0,66.0,7306.0,66.0,109.0,83.0,66.0,83.0,66.0,66.0,0.00015115738,6.7949295e-05,3.7908554e-05,0.00028705597,0.00069093704,3.0994415e-05,1.8835068e-05,0.00012207031,0.04036498,1.1920929e-05
1,session2_rnn_20260329_160100.pcap,3,216,12.453236,1.117647,4270.8423,29026.0,66.0,60296868.0,7765.106,66.0,0.0,1.8052487,2.1938107,7109.0195,40088.0,66.0,88759520.0,9421.228,115.0,49.0,1.4594848,1.712364,0.0806739,13.019712,1.1920929e-06,0.81332535,0.9018455,5.888939e-05,3.4809113e-05,13.804408,194.2164,0.6203704,0.009259259,0.14814815,0.009259259,0.083333336,0.037037037,0.046296295,0.0,0.037037037,0.0,0.0,0.0,0.009259259,0.0,0.0,0.0,0.0,0.0,0.0,0.0,7306.0,66.0,7306.0,66.0,14546.0,66.0,66.0,78.0,66.0,66.0,0.000119924545,8.106232e-05,3.0040741e-05,0.0001039505,3.2901764e-05,0.000108003616,0.0012748241,5.9127808e-05,5.2928925e-05,6.2942505e-05
1,session3_rnn_20260329_160337.pcap,0,83,564.211,1.0243902,2935.2856,23234.0,66.0,33717852.0,5806.7075,74.5,8.5,2.211024,4.0884986,5913.9023,29026.0,66.0,68433640.0,8272.463,118.0,52.0,1.1948702,0.14525376,0.001794001,0.040924072,9.536743e-07,5.6981033e-05,0.007548578,3.6001205e-05,2.7418137e-05,4.7222495,20.807074,0.6987952,0.024096385,0.09638554,0.012048192,0.060240965,0.04819277,0.012048192,0.036144577,0.012048192,0.0,0.0,0.0,0.0,0.0,0.0,0.0,0.0,0.0,0.0,0.0,74.0,74.0,66.0,148.0,66.0,66.0,109.0,66.0,83.0,66.0,7.009506e-05,3.695488e-05,0.00058197975,3.2901764e-05,0.00010514259,0.03966093,0.011752129,0.00013685226,0.00015902519,0.040924072
1,session3_rnn_20260329_160337.pcap,1,131,14.825892,1.1129032,3539.5073,39162.0,66.0,53335930.0,7303.145,66.0,0.0,2.8954597,9.327842,7788.0645,34818.0,66.0,79387210.0,8909.95,7306.0,7240.0,1.1134895,0.5542081,0.067968406,5.1483297,5.00679e-06,0.2687563,0.5184171,4.3988228e-05,2.1100044e-05,8.567844,75.31505,0.58778626,0.03816794,0.15267175,0.053435113,0.053435113,0.045801528,0.022900764,0.0,0.022900764,0.007633588,0.007633588,0.007633588,0.0,0.0,0.0,0.0,0.0,0.0,0.0,0.0,7306.0,66.0,7306.0,66.0,10202.0,83.0,109.0,83.0,66.0,66.0,0.00012516975,7.200241e-05,3.2901764e-05,0.00014591217,2.8133392e-05,0.00013804436,0.0022711754,0.00021290779,0.039628983,0.0009551048
1,session3_rnn_20260329_160337.pcap,2,244,12.230814,1.0854701,3840.3623,40610.0,66.0,58812396.0,7668.9243,66.0,0.0,2.3237333,5.352105,8250.068,31922.0,66.0,84583896.0,9196.95,7306.0,7240.0,0.8924297,-0.32601044,0.08209717,15.176559,3.0994415e-06,0.9739097,0.9868686,4.1007996e-05,2.2888184e-05,14.785027,222.34895,0.59016395,0.020491803,0.15163934,0.012295082,0.08196721,0.040983606,0.05327869,0.0,0.040983606,0.0040983604,0.0,0.0,0.0040983604,0.0,0.0,0.0,0.0,0.0,0.0,0.0,7306.0,66.0,7306.0,66.0,14546.0,66.0,109.0,66.0,83.0,66.0,0.000116825104,6.1035156e-05,3.6001205e-05,0.00012612343,2.5987625e-05,2.503395e-05,0.000603199,4.386902e-05,0.00012898445,0.041568995
1,session3_rnn_20260329_160337.pcap,3,227,13.48878,1.0636364,4163.026,29026.0,66.0,57671244.0,7594.158,66.0,0.0,1.8868433,2.5862288,6596.982,40071.0,66.0,80020616.0,8945.424,103.5,37.5,1.3259398,1.1090583,0.074463725,13.709852,3.0994415e-06,0.84259063,0.9179274,6.0081482e-05,4.017353e-05,14.531277,212.48962,0.6343612,0.008810572,0.14096916,0.008810572,0.07929515,0.039647575,0.04845815,0.0,0.03524229,0.0,0.0,0.0,0.004405286,0.0,0.0,0.0,0.0,0.0,0.0,0.0,7306.0,66.0,7306.0,66.0,14546.0,83.0,98.0,66.0,66.0,66.0,0.00012612343,0.00010108948,4.196167e-05,0.00014185905,1.4066696e-05,0.013179064,0.00027608871,0.00020694733,0.00147295,8.606911e-05
1,session4_rnn_20260329_160614.pcap,0,84,560.74384,1.0,2935.2856,41530.0,66.0,55070160.0,7420.9272,74.0,8.0,3.7060168,15.168837,5774.6665,29026.0,66.0,62855468.0,7928.144,118.0,52.0,1.2437488,0.4323085,0.0018048316,0.041789055,3.0994415e-06,5.45657e-05,0.00738686,3.2901764e-05,2.193451e-05,4.6038704,20.276775,0.6904762,0.04761905,0.083333336,0.035714287,0.035714287,0.05952381,0.011904762,0.011904762,0.011904762,0.0,0.0,0.0,0.011904762,0.0,0.0,0.0,0.0,0.0,0.0,0.0,74.0,74.0,66.0,148.0,66.0,83.0,66.0,109.0,83.0,66.0,3.3140182e-05,1.9788742e-05,0.00036120415,3.2901764e-05,0.0001308918,0.0001320839,0.04154396,0.029208183,0.0019648075,0.041789055
1,session4_rnn_20260329_160614.pcap,1,135,26.039593,1.0769231,3489.8857,29026.0,66.0,40981210.0,6401.6567,66.0,0.0,2.0088615,3.572497,7431.6616,40610.0,66.0,83815530.0,9155.082,6767.0,6701.0,1.3986809,1.6851491,0.03868965,4.604392,2.1457672e-06,0.1573832,0.39671552,5.197525e-05,2.5987625e-05,11.37675,127.92209,0.6,0.022222223,0.16296296,0.044444446,0.06666667,0.02962963,0.02962963,0.0074074073,0.02962963,0.0,0.0,0.0,0.0074074073,0.0,0.0,0.0,0.0,0.0,0.0,0.0,7306.0,66.0,7306.0,66.0,109.0,109.0,66.0,83.0,66.0,66.0,0.00011181831,5.8174133e-05,2.8848648e-05,0.00035715103,0.0010309219,0.015029907,0.00012087822,0.00028705597,0.024995089,0.017024994
1,session4_rnn_20260329_160614.pcap,2,242,13.94937,1.0166667,3995.049,29026.0,66.0,51611716.0,7184.1294,66.0,0.0,1.8602943,2.596264,8045.467,40071.0,66.0,86222450.0,9285.6045,7306.0,7240.0,1.0613639,0.37398186,0.07198528,13.3763275,2.861023e-06,0.7609835,0.8723437,4.196167e-05,2.3126602e-05,14.77182,221.59216,0.5785124,0.020661157,0.1570248,0.016528925,0.08264463,0.045454547,0.05785124,0.0,0.03305785,0.004132231,0.0,0.0,0.004132231,0.0,0.0,0.0,0.0,0.0,0.0,0.0,7306.0,66.0,7306.0,66.0,14546.0,21786.0,66.0,18368.0,66.0,66.0,0.00015211105,0.000102996826,3.886223e-05,0.00018310547,1.2874603e-05,2.69413e-05,0.00038194656,6.2942505e-05,4.1007996e-05,0.037418127
1,session4_rnn_20260329_160614.pcap,3,239,14.27413,1.0427351,3995.1147,29026.0,66.0,49329224.0,7023.4766,66.0,0.0,1.7477965,2.0614479,6206.2393,39162.0,66.0,78094740.0,8837.123,83.0,17.0,1.4423641,1.3677217,0.07035116,13.196546,1.9073486e-06,0.74400896,0.86255956,5.4001808e-05,3.1471252e-05,14.839301,222.38292,0.6443515,0.025104603,0.11297071,0.025104603,0.066945605,0.054393306,0.037656903,0.0,0.029288704,0.0,0.0,0.0041841003,0.0,0.0,0.0,0.0,0.0,0.0,0.0,0.0,7306.0,66.0,109.0,7306.0,66.0,66.0,98.0,66.0,66.0,66.0,0.00012588501,0.00030207634,9.703636e-05,5.00679e-05,0.00017404556,8.4877014e-05,0.00028800964,0.00026392937,0.00031805038,6.604195e-05
1,session5_rnn_20260329_160846.pcap,0,76,510.26248,1.0,3237.3157,29026.0,66.0,43498930.0,6595.3716,75.0,9.0,2.267128,4.696604,6375.579,29026.0,66.0,74816450.0,8649.65,156.5,90.5,1.2524682,0.45811033,0.001985906,0.06652808,9.536743e-07,8.895044e-05,0.009431354,3.0040741e-05,2.193451e-05,5.544249,31.280247,0.68421054,0.013157895,0.078947365,0.05263158,0.065789476,0.039473683,0.013157895,0.013157895,0.039473683,0.0,0.0,0.0,0.0,0.0,0.0,0.0,0.0,0.0,0.0,0.0,74.0,74.0,66.0,148.0,66.0,12689.0,66.0,109.0,83.0,66.0,4.696846e-05,2.9087067e-05,0.00042510033,3.385544e-05,0.00025105476,3.2901764e-05,2.002716e-05,0.02716899,0.00029921532,0.042087793
1,session5_rnn_20260329_160846.pcap,1,127,22.48692,1.0158731,3810.875,40610.0,66.0,59084324.0,7686.633,66.0,0.0,2.8398688,8.880397,7665.492,43506.0,66.0,92984560.0,9642.851,4410.0,4344.0,1.3976413,1.7399702,0.044823237,4.858483,9.536743e-07,0.18736736,0.4328595,4.9114227e-05,2.9087067e-05,10.9225645,118.38809,0.5984252,0.03937008,0.14173229,0.047244094,0.047244094,0.03937008,0.03937008,0.0,0.023622047,0.007874016,0.0,0.0,0.007874016,0.007874016,0.0,0.0,0.0,0.0,0.0,0.0,7306.0,66.0,7306.0,10202.0,66.0,83.0,109.0,83.0,66.0,66.0,0.000108003616,4.887581e-05,0.000102996826,2.9087067e-05,1.7881393e-05,0.0011339188,0.0009951591,0.00027799606,0.03958893,0.002006054
1,session5_rnn_20260329_160846.pcap,2,271,9.034272,1.0074074,4470.5586,29026.0,66.0,58923148.0,7676.1416,66.0,0.0,1.7916013,2.3021672,7159.1777,40071.0,66.0,93914856.0,9690.968,4410.0,4344.0,1.5883584,2.066797,0.11109956,13.4972725,9.536743e-07,1.2702737,1.1270642,4.696846e-05,2.8133392e-05,11.2970085,127.14193,0.5867159,0.040590405,0.14391144,0.044280443,0.04797048,0.033210333,0.055350553,0.0,0.033210333,0.0,0.0,0.003690037,0.011070111,0.0,0.0,0.0,0.0,0.0,0.0,0.0,7306.0,66.0,7306.0,66.0,109.0,66.0,66.0,18365.0,66.0,83.0,0.0001001358,6.198883e-05,0.000104904175,0.000166893,0.00013804436,5.00679e-06,3.0994415e-06,5.507469e-05,2.193451e-05,0.00017285347
1,session5_rnn_20260329_160846.pcap,3,198,13.243627,1.0412371,3627.1484,29026.0,66.0,52449400.0,7242.196,66.0,0.0,2.1000347,3.489594,7471.4946,39162.0,66.0,81718984.0,9039.855,7306.0,7240.0,1.1709092,0.7014294,0.07589131,11.866679,9.536743e-07,0.72480583,0.8513553,6.198883e-05,4.005432e-05,13.509736,183.78706,0.61616164,0.015151516,0.14646465,0.015151516,0.07575758,0.04040404,0.05050505,0.0,0.035353534,0.0,0.0,0.005050505,0.0,0.0,0.0,0.0,0.0,0.0,0.0,0.0,66.0,7306.0,66.0,7306.0,66.0,66.0,66.0,66.0,66.0,66.0,0.13473606,0.00010108948,0.0001039505,3.0994415e-05,0.000102996826,0.00012302399,0.0008430481,7.2956085e-05,0.00022006035,3.7908554e-05
1,session6_rnn_20260329_161118.pcap,0,82,546.6811,1.0,3005.9023,40610.0,66.0,57249640.0,7566.349,74.0,8.0,3.5068834,13.092299,5913.9023,40610.0,66.0,80038824.0,8946.442,118.0,52.0,1.8754815,3.6234093,0.001851803,0.052196026,1.9073486e-06,7.01551e-05,0.0083758645,3.0994415e-05,2.0980835e-05,5.0096154,23.778051,0.70731705,0.048780486,0.07317073,0.0121951215,0.07317073,0.0121951215,0.036585364,0.0121951215,0.0,0.0,0.0,0.0,0.024390243,0.0,0.0,0.0,0.0,0.0,0.0,0.0,74.0,74.0,66.0,148.0,66.0,66.0,109.0,83.0,66.0,66.0,0.0001039505,3.0994415e-05,0.00035595894,2.4080276e-05,0.00017499924,0.00015902519,7.70092e-05,8.7976456e-05,0.039171934,0.000991106
1,session6_rnn_20260329_161118.pcap,1,135,18.432053,1.109375,3441.6619,29026.0,66.0,43477070.0,6593.7144,66.0,0.0,2.343729,5.3149123,7546.75,40071.0,66.0,84963450.0,9217.562,7306.0,7240.0,1.3278172,1.4067913,0.054658193,4.1888847,1.1920929e-06,0.18033116,0.42465416,5.9485435e-05,3.5643578e-05,8.562511,74.24168,0.6074074,0.022222223,0.16296296,0.044444446,0.05925926,0.02962963,0.022222223,0.0074074073,0.037037037,0.0,0.0,0.0,0.0074074073,0.0,0.0,0.0,0.0,0.0,0.0,0.0,7306.0,66.0,7306.0,66.0,10202.0,109.0,66.0,83.0,66.0,66.0,0.00012993813,0.00011014938,4.196167e-05,0.00015997887,3.4093857e-05,0.00034713745,3.9815903e-05,0.0006620884,0.04057288,0.0049231052
1,session6_rnn_20260329_161118.pcap,2,256,8.547539,1.031746,4673.846,40085.0,66.0,72136900.0,8493.344,66.0,0.0,2.1488063,4.3726463,7665.8335,40071.0,66.0,91174216.0,9548.519,5858.0,5792.0,1.2460886,0.9362277,0.11745153,13.428244,1.1920929e-06,1.3701085,1.1705164,4.887581e-05,2.8848648e-05,10.981955,119.7955,0.58203125,0.0234375,0.15625,0.0234375,0.06640625,0.03515625,0.0625,0.0,0.03515625,0.0,0.0,0.0,0.015625,0.0,0.0,0.0,0.0,0.0,0.0,0.0,7306.0,66.0,7306.0,66.0,109.0,66.0,18365.0,66.0,83.0,66.0,0.00013494492,8.893013e-05,3.3140182e-05,0.00017905235,6.198883e-05,2.002716e-05,9.202957e-05,2.5987625e-05,0.00073194504,0.04145503
1,session6_rnn_20260329_161118.pcap,3,210,13.662326,1.1,3335.6726,29026.0,54.0,49105852.0,7007.5566,66.0,0.0,2.2422924,4.164997,7249.65,40071.0,66.0,91609180.0,9571.269,115.0,49.0,1.4103826,1.4738615,0.07354419,12.06541,1.9073486e-06,0.7088698,0.8419441,4.196167e-05,2.3126602e-05,13.858361,193.9624,0.64761907,0.014285714,0.13333334,0.014285714,0.06666667,0.033333335,0.04761905,0.0,0.033333335,0.0,0.0,0.0,0.00952381,0.0,0.0,0.0,0.0,0.0,0.0,0.0,7306.0,66.0,7306.0,66.0,14546.0,66.0,83.0,66.0,98.0,54.0,8.416176e-05,4.7922134e-05,2.3126602e-05,8.392334e-05,2.7894974e-05,9.7990036e-05,0.0004529953,0.00016593933,2.503395e-05,8.7976456e-05
1,session7_rnn_20260329_161344.pcap,0,84,570.1641,1.0487804,2868.558,29026.0,66.0,44500756.0,6670.8887,74.0,8.0,2.5611546,5.6641064,5913.9023,29026.0,66.0,59968416.0,7743.9277,195.0,129.0,1.2549057,0.6312988,0.001775012,0.067687035,0.0,7.050204e-05,0.008396549,3.0040741e-05,2.002716e-05,6.4047365,44.354427,0.70238096,0.023809524,0.0952381,0.023809524,0.04761905,0.04761905,0.011904762,0.023809524,0.023809524,0.0,0.0,0.0,0.0,0.0,0.0,0.0,0.0,0.0,0.0,0.0,74.0,74.0,66.0,148.0,66.0,66.0,109.0,83.0,66.0,66.0,3.6001205e-05,2.3126602e-05,0.00039196014,2.69413e-05,0.00023508072,0.00012302399,0.023618937,0.0009419918,0.014853001,0.027000904
1,session7_rnn_20260329_161344.pcap,1,122,23.514772,1.1403508,3753.2615,34818.0,66.0,55444276.0,7446.0913,66.0,0.0,2.3198435,5.1353345,8465.438,40071.0,66.0,86853030.0,9319.497,7306.0,7240.0,1.2253025,1.1542201,0.04287792,3.908344,5.9604645e-06,0.12994845,0.36048365,4.887581e-05,2.5749207e-05,10.254042,106.38922,0.58196723,0.024590164,0.14754099,0.057377048,0.06557377,0.032786883,0.032786883,0.008196721,0.032786883,0.0,0.008196721,0.0,0.008196721,0.0,0.0,0.0,0.0,0.0,0.0,0.0,7306.0,66.0,7306.0,66.0,10202.0,83.0,109.0,83.0,66.0,66.0,0.00011897087,9.202957e-05,3.6001205e-05,0.00012493134,3.2186508e-05,0.0032801628,0.00081300735,0.00016403198,0.039791822,0.0008971691
1,session7_rnn_20260329_161344.pcap,2,334,11.748091,1.0745342,4220.809,29026.0,66.0,55113096.0,7423.8193,66.0,0.0,1.8199048,2.4167552,7500.4473,40071.0,66.0,84250240.0,9178.793,4410.0,4344.0,1.133878,0.4215491,0.08537583,12.610147,2.861023e-06,0.90926355,0.95355314,4.506111e-05,2.503395e-05,12.5554905,157.54195,0.5898204,0.026946107,0.14371258,0.029940119,0.068862274,0.04491018,0.0508982,0.0,0.04191617,0.0,0.0,0.0,0.002994012,0.0,0.0,0.0,0.0,0.0,0.0,0.0,7306.0,66.0,7306.0,66.0,10202.0,109.0,66.0,83.0,66.0,66.0,0.00011706352,4.887581e-05,2.6226044e-05,9.9897385e-05,2.193451e-05,0.00054597855,3.385544e-05,0.0001142025,0.040328026,8.821487e-06
1,session7_rnn_20260329_161344.pcap,3,154,10.182682,1.0263158,3141.8206,40085.0,66.0,46734852.0,6836.2896,72.5,6.5,2.9739118,10.365714,6368.184,29026.0,66.0,73729160.0,8586.568,109.0,43.0,1.2626143,0.5102451,0.09884782,13.098698,9.059906e-06,1.1239604,1.0601699,7.4863434e-05,4.9829483e-05,12.06023,144.77373,0.64935064,0.032467533,0.12987013,0.032467533,0.045454547,0.038961038,0.038961038,0.0,0.025974026,0.0,0.0,0.0,0.0064935065,0.0,0.0,0.0,0.0,0.0,0.0,0.0,123.0,83.0,66.0,83.0,66.0,66.0,66.0,66.0,66.0,66.0,0.00043582916,8.201599e-05,0.0024001598,0.04156995,0.10434699,0.00013399124,0.00054192543,7.70092e-05,0.0006029606,4.1007996e-05
1,session8_rnn_20260329_161610.pcap,0,85,575.22595,1.0731708,2804.8635,29026.0,66.0,39147680.0,6256.8105,70.0,4.0,2.6515477,6.676295,5913.9023,29026.0,66.0,59475108.0,7712.0107,195.0,129.0,1.2465774,0.6447767,0.0017591431,0.048281908,1.9073486e-06,6.6445464e-05,0.008151408,2.9921532e-05,1.847744e-05,5.0085773,23.377028,0.68235296,0.047058824,0.09411765,0.03529412,0.05882353,0.023529412,0.023529412,0.011764706,0.023529412,0.0,0.0,0.0,0.0,0.0,0.0,0.0,0.0,0.0,0.0,0.0,74.0,74.0,66.0,148.0,66.0,83.0,66.0,109.0,83.0,66.0,4.720688e-05,2.69413e-05,0.00040602684,3.2901764e-05,9.2983246e-05,0.00014305115,0.042096138,0.048281908,0.00032687187,0.04132104
1,session8_rnn_20260329_161610.pcap,1,130,28.974234,1.1666666,3489.8857,29026.0,66.0,45969860.0,6780.1074,66.0,0.0,2.2560375,4.651511,8045.467,29026.0,66.0,75848504.0,8709.1045,7306.0,7240.0,0.92667484,-0.046351403,0.03478097,4.3145247,1.9073486e-06,0.1431329,0.37832907,4.696846e-05,2.5987625e-05,11.220861,123.94125,0.6,0.015384615,0.16153847,0.03076923,0.08461539,0.03076923,0.023076924,0.0076923077,0.046153847,0.0,0.0,0.0,0.0,0.0,0.0,0.0,0.0,0.0,0.0,0.0,7306.0,66.0,7306.0,66.0,14546.0,18351.0,66.0,109.0,83.0,66.0,0.00011205673,6.2942505e-05,3.2186508e-05,0.00012278557,2.7179718e-05,4.696846e-05,2.69413e-05,0.0014600754,0.00022411346,0.04159093
1,session8_rnn_20260329_161610.pcap,2,356,11.944452,1.0227273,4060.5334,29026.0,66.0,55388052.0,7442.315,66.0,0.0,1.8711405,2.5113044,8226.818,40071.0,66.0,95356240.0,9765.052,7306.0,7240.0,1.2731453,1.1358339,0.0839567,12.794874,1.9073486e-06,0.877117,0.93654525,5.00679e-05,3.0040741e-05,12.906271,167.09624,0.58146065,0.019662922,0.15449437,0.02247191,0.08146068,0.042134833,0.050561797,0.0,0.030898876,0.0028089888,0.0028089888,0.0028089888,0.008426966,0.0,0.0,0.0,0.0,0.0,0.0,0.0,7306.0,66.0,7306.0,66.0,109.0,66.0,109.0,83.0,66.0,66.0,0.00012898445,9.894371e-05,3.695488e-05,0.00010418892,1.692772e-05,3.2901764e-05,0.0040609837,0.00023007393,0.03337097,0.007961988
1,session8_rnn_20260329_161610.pcap,3,110,52.32987,1.0754716,4270.912,29026.0,66.0,53217304.0,7295.019,83.0,17.0,1.702216,1.8576014,4586.906,29026.0,66.0,61725540.0,7856.5605,83.0,17.0,1.7328309,1.9819006,0.019284863,1.803025,1.001358e-05,0.029601203,0.17205,8.201599e-05,5.698204e-05,10.223486,102.99463,0.6818182,0.018181818,0.11818182,0.018181818,0.054545455,0.036363635,0.045454547,0.0,0.027272727,0.0,0.0,0.0,0.0,0.0,0.0,0.0,0.0,0.0,0.0,0.0,7306.0,66.0,109.0,7306.0,66.0,66.0,66.0,66.0,66.0,66.0,0.000114917755,0.00026512146,0.000102996826,4.6014786e-05,0.00016880035,8.201599e-05,0.0034720898,8.702278e-05,0.00024104118,3.6001205e-05
